aa_substitution,total_variants,variants_with_any_failure,failure_rate,avg_predictors_failed
Ala->Asp,81,41,0.5061728395061729,1.0740740740740742
Ala->Glu,60,25,0.4166666666666667,0.8833333333333333
Ala->Gly,110,66,0.6,1.2181818181818183
Ala->Pro,155,72,0.4645161290322581,0.9032258064516129
Ala->Ser,101,42,0.4158415841584158,0.8613861386138614
Ala->Thr,511,215,0.4207436399217221,0.8199608610567515
Ala->Val,487,241,0.4948665297741273,0.9650924024640657
Arg->Cys,578,280,0.4844290657439446,1.0588235294117647
Arg->Gln,717,330,0.4602510460251046,0.9748953974895398
Arg->Gly,175,90,0.5142857142857142,1.0514285714285714
Arg->His,663,300,0.45248868778280543,0.9396681749622926
Arg->Ile,15,10,0.6666666666666666,1.5333333333333334
Arg->Leu,202,85,0.4207920792079208,0.8960396039603961
Arg->Lys,93,40,0.43010752688172044,0.8602150537634409
Arg->Met,9,7,0.7777777777777778,2.0
Arg->Pro,213,112,0.5258215962441315,1.0892018779342723
Arg->Ser,122,51,0.4180327868852459,0.7622950819672131
Arg->Thr,38,17,0.4473684210526316,0.7368421052631579
Arg->Trp,441,193,0.4376417233560091,0.9070294784580499
Asn->Asp,75,29,0.38666666666666666,0.56
Asn->His,49,22,0.4489795918367347,0.9387755102040817
Asn->Ile,28,13,0.4642857142857143,0.8214285714285714
Asn->Lys,87,35,0.40229885057471265,0.7586206896551724
Asn->Ser,251,97,0.38645418326693226,0.7171314741035857
Asn->Thr,50,22,0.44,0.84
Asn->Tyr,14,10,0.7142857142857143,1.5714285714285714
Asp->Ala,39,15,0.38461538461538464,0.8461538461538461
Asp->Asn,297,142,0.4781144781144781,1.0538720538720538
Asp->Glu,96,24,0.25,0.3958333333333333
Asp->Gly,127,66,0.5196850393700787,0.984251968503937
Asp->His,103,52,0.5048543689320388,1.1553398058252426
Asp->Tyr,80,36,0.45,0.95
Asp->Val,65,35,0.5384615384615384,1.0461538461538462
Cys->Arg,168,40,0.23809523809523808,0.39285714285714285
Cys->Gly,52,9,0.17307692307692307,0.5
Cys->Phe,84,17,0.20238095238095238,0.3333333333333333
Cys->Ser,72,23,0.3194444444444444,0.8611111111111112
Cys->Trp,26,9,0.34615384615384615,0.5769230769230769
Cys->Tyr,163,37,0.22699386503067484,0.44785276073619634
Gln->Arg,223,90,0.40358744394618834,0.6591928251121076
Gln->Glu,63,28,0.4444444444444444,0.7777777777777778
Gln->His,117,64,0.5470085470085471,0.9743589743589743
Gln->Leu,22,7,0.3181818181818182,0.5
Gln->Lys,50,25,0.5,0.98
Gln->Pro,60,38,0.6333333333333333,1.25
Glu->Ala,55,27,0.4909090909090909,1.018181818181818
Glu->Asp,125,50,0.4,0.704
Glu->Gln,105,64,0.6095238095238096,1.2952380952380953
Glu->Gly,130,74,0.5692307692307692,1.1
Glu->Lys,393,199,0.5063613231552163,0.9923664122137404
Glu->Val,47,29,0.6170212765957447,1.3617021276595744
Gly->Ala,115,61,0.5304347826086957,1.208695652173913
Gly->Arg,490,138,0.2816326530612245,0.673469387755102
Gly->Asp,246,79,0.32113821138211385,0.6707317073170732
Gly->Cys,89,24,0.2696629213483146,0.5617977528089888
Gly->Glu,187,67,0.3582887700534759,0.7593582887700535
Gly->Ser,309,113,0.3656957928802589,0.8673139158576052
Gly->Trp,38,13,0.34210526315789475,0.8947368421052632
Gly->Val,196,59,0.3010204081632653,0.6785714285714286
His->Arg,192,66,0.34375,0.703125
His->Asn,35,19,0.5428571428571428,0.8
His->Asp,37,23,0.6216216216216216,1.2702702702702702
His->Gln,66,21,0.3181818181818182,0.7424242424242424
His->Leu,33,17,0.5151515151515151,0.8787878787878788
His->Pro,45,23,0.5111111111111111,0.9777777777777777
His->Tyr,83,37,0.4457831325301205,0.891566265060241
Ile->Arg,11,3,0.2727272727272727,0.5454545454545454
Ile->Asn,59,27,0.4576271186440678,0.8135593220338984
Ile->Leu,49,22,0.4489795918367347,1.0204081632653061
Ile->Lys,12,3,0.25,0.4166666666666667
Ile->Met,43,22,0.5116279069767442,0.9767441860465116
Ile->Phe,53,26,0.49056603773584906,0.9245283018867925
Ile->Ser,28,14,0.5,0.7857142857142857
Ile->Thr,191,94,0.49214659685863876,1.0837696335078535
Ile->Val,304,117,0.3848684210526316,0.6743421052631579
Leu->Arg,130,41,0.3153846153846154,0.7
Leu->Gln,38,16,0.42105263157894735,0.868421052631579
Leu->His,20,10,0.5,1.5
Leu->Ile,51,25,0.49019607843137253,1.0196078431372548
Leu->Met,47,25,0.5319148936170213,0.9787234042553191
Leu->Phe,141,66,0.46808510638297873,0.9645390070921985
Leu->Pro,326,106,0.32515337423312884,0.6871165644171779
Leu->Ser,60,21,0.35,0.7333333333333333
Leu->Trp,12,5,0.4166666666666667,1.0833333333333333
Leu->Val,143,70,0.48951048951048953,0.9440559440559441
Lys->Arg,154,77,0.5,0.974025974025974
Lys->Asn,88,49,0.5568181818181818,1.1818181818181819
Lys->Gln,41,19,0.4634146341463415,0.8780487804878049
Lys->Glu,131,50,0.3816793893129771,0.7480916030534351
Lys->Ile,11,9,0.8181818181818182,2.0
Lys->Met,14,8,0.5714285714285714,1.2142857142857142
Lys->Thr,43,23,0.5348837209302325,1.186046511627907
Met->Arg,41,22,0.5365853658536586,1.024390243902439
Met->Ile,91,38,0.4175824175824176,0.7472527472527473
Met->Leu,63,21,0.3333333333333333,0.6031746031746031
Met->Lys,27,18,0.6666666666666666,1.1111111111111112
Met->Thr,118,47,0.3983050847457627,0.6440677966101694
Met->Val,174,72,0.41379310344827586,0.764367816091954
Phe->Cys,39,14,0.358974358974359,0.9743589743589743
Phe->Ile,31,14,0.45161290322580644,0.8064516129032258
Phe->Leu,154,69,0.44805194805194803,0.9285714285714286
Phe->Ser,66,28,0.42424242424242425,1.0454545454545454
Phe->Tyr,18,10,0.5555555555555556,1.0555555555555556
Phe->Val,34,13,0.38235294117647056,0.8823529411764706
Pro->Ala,138,78,0.5652173913043478,1.1521739130434783
Pro->Arg,136,67,0.49264705882352944,1.2205882352941178
Pro->Gln,67,30,0.44776119402985076,1.0
Pro->His,58,36,0.6206896551724138,1.5
Pro->Leu,471,213,0.45222929936305734,0.9872611464968153
Pro->Ser,293,133,0.4539249146757679,0.8805460750853242
Pro->Thr,104,54,0.5192307692307693,0.9807692307692307
Ser->Ala,76,36,0.47368421052631576,0.6973684210526315
Ser->Arg,88,43,0.48863636363636365,0.7272727272727273
Ser->Asn,142,55,0.3873239436619718,0.7183098591549296
Ser->Cys,85,56,0.6588235294117647,1.5294117647058822
Ser->Gly,121,62,0.512396694214876,0.9504132231404959
Ser->Ile,62,32,0.5161290322580645,1.1451612903225807
Ser->Leu,153,77,0.5032679738562091,0.9803921568627451
Ser->Phe,150,90,0.6,1.36
Ser->Pro,147,58,0.3945578231292517,0.6530612244897959
Ser->Thr,121,51,0.4214876033057851,0.6694214876033058
Ser->Trp,18,7,0.3888888888888889,0.8333333333333334
Ser->Tyr,57,33,0.5789473684210527,1.0701754385964912
Thr->Ala,255,89,0.34901960784313724,0.596078431372549
Thr->Arg,54,18,0.3333333333333333,0.6851851851851852
Thr->Asn,57,20,0.3508771929824561,0.6491228070175439
Thr->Ile,211,104,0.4928909952606635,0.9715639810426541
Thr->Lys,58,23,0.39655172413793105,0.7241379310344828
Thr->Met,268,130,0.48507462686567165,1.0522388059701493
Thr->Pro,99,51,0.5151515151515151,0.9797979797979798
Thr->Ser,120,62,0.5166666666666667,1.1416666666666666
Trp->Arg,76,17,0.2236842105263158,0.5921052631578947
Trp->Cys,49,19,0.3877551020408163,0.9795918367346939
Trp->Gly,23,6,0.2608695652173913,0.6086956521739131
Trp->Leu,24,11,0.4583333333333333,1.0833333333333333
Trp->Ser,22,6,0.2727272727272727,0.6363636363636364
Tyr->Asn,22,10,0.45454545454545453,1.0909090909090908
Tyr->Asp,43,10,0.23255813953488372,0.27906976744186046
Tyr->Cys,206,81,0.3932038834951456,0.8640776699029126
Tyr->His,85,38,0.4470588235294118,1.0941176470588236
Tyr->Phe,32,19,0.59375,1.28125
Tyr->Ser,36,21,0.5833333333333334,1.6388888888888888
Val->Ala,192,85,0.4427083333333333,0.8489583333333334
Val->Asp,40,12,0.3,0.6
Val->Glu,39,17,0.4358974358974359,0.6666666666666666
Val->Gly,75,29,0.38666666666666666,0.9333333333333333
Val->Ile,376,162,0.4308510638297872,0.7313829787234043
Val->Leu,187,79,0.42245989304812837,0.786096256684492
Val->Met,363,185,0.509641873278237,1.0330578512396693
Val->Phe,61,32,0.5245901639344263,1.0655737704918034
